id,icd10_id,icd10_name
icd10_1,F01.50,F01.50 - Vascular dementia without behavioral disturbance
icd10_2,F01.51,F01.51 - Vascular dementia with behavioral disturbance
icd10_3,F02.80,F02.80 - Dementia in other diseases classified elsewhere without behavioral disturbance
icd10_4,F02.81,F02.81 - Dementia in other diseases classified elsewhere with behavioral disturbance
icd10_5,F03.90,F03.90 - Unspecified dementia without behavioral disturbance
icd10_6,F03.91,F03.91 - Unspecified dementia with behavioral disturbance
icd10_7,F04,F04 - Amnestic disorder due to known physiological condition
icd10_8,F05,F05 - Delirium due to known physiological condition
icd10_9,F06.0,F06.0 - Psychotic disorder with hallucinations due to known physiological condition
icd10_10,F06.1,F06.1 - Catatonic disorder due to known physiological condition
icd10_11,F06.2,F06.2 - Psychotic disorder with delusions due to known physiological condition
icd10_12,F06.30,"F06.30 - Mood disorder due to known physiological condition, unspecified"
icd10_13,F06.31,F06.31 - Mood disorder due to known physiological condition with depressive features
icd10_14,F06.32,F06.32 - Mood disorder due to known physiological condition with major depressive-like episode
icd10_15,F06.33,F06.33 - Mood disorder due to known physiological condition with manic features
icd10_16,F06.34,F06.34 - Mood disorder due to known physiological condition with mixed features
icd10_17,F06.4,F06.4 - Anxiety disorder due to known physiological condition
icd10_18,F06.8,F06.8 - Other specified mental disorders due to known physiological condition
icd10_19,F07.0,F07.0 - Personality change due to known physiological condition
icd10_20,F07.81,F07.81 - Postconcussional syndrome
icd10_21,F07.89,F07.89 - Other personality and behavioral disorders due to known physiological condition
icd10_22,F07.9,F07.9 - Unspecified personality and behavioral disorder due to known physiological condition
icd10_23,F09,F09 - Unspecified mental disorder due to known physiological condition
icd10_24,F10.10,"F10.10 - Alcohol abuse, uncomplicated"
icd10_25,F10.11,"F10.11 - Alcohol abuse, in remission"
icd10_26,F10.120,"F10.120 - Alcohol abuse with intoxication, uncomplicated"
icd10_27,F10.121,F10.121 - Alcohol abuse with intoxication delirium
icd10_28,F10.129,"F10.129 - Alcohol abuse with intoxication, unspecified"
icd10_29,F10.130,"F10.130 - Alcohol abuse with withdrawal, uncomplicated"
icd10_30,F10.131,F10.131 - Alcohol abuse with withdrawal delirium
icd10_31,F10.132,F10.132 - Alcohol abuse with withdrawal with perceptual disturbance
icd10_32,F10.139,"F10.139 - Alcohol abuse with withdrawal, unspecified"
icd10_33,F10.14,F10.14 - Alcohol abuse with alcohol-induced mood disorder
icd10_34,F10.150,F10.150 - Alcohol abuse with alcohol-induced psychotic disorder with delusions
icd10_35,F10.151,F10.151 - Alcohol abuse with alcohol-induced psychotic disorder with hallucinations
icd10_36,F10.159,"F10.159 - Alcohol abuse with alcohol-induced psychotic disorder, unspecified"
icd10_37,F10.180,F10.180 - Alcohol abuse with alcohol-induced anxiety disorder
icd10_38,F10.181,F10.181 - Alcohol abuse with alcohol-induced sexual dysfunction
icd10_39,F10.182,F10.182 - Alcohol abuse with alcohol-induced sleep disorder
icd10_40,F10.188,F10.188 - Alcohol abuse with other alcohol-induced disorder
icd10_41,F10.19,F10.19 - Alcohol abuse with unspecified alcohol-induced disorder
icd10_42,F10.20,"F10.20 - Alcohol dependence, uncomplicated"
icd10_43,F10.21,"F10.21 - Alcohol dependence, in remission"
icd10_44,F10.220,"F10.220 - Alcohol dependence with intoxication, uncomplicated"
icd10_45,F10.221,F10.221 - Alcohol dependence with intoxication delirium
icd10_46,F10.229,"F10.229 - Alcohol dependence with intoxication, unspecified"
icd10_47,F10.230,"F10.230 - Alcohol dependence with withdrawal, uncomplicated"
icd10_48,F10.231,F10.231 - Alcohol dependence with withdrawal delirium
icd10_49,F10.232,F10.232 - Alcohol dependence with withdrawal with perceptual disturbance
icd10_50,F10.239,"F10.239 - Alcohol dependence with withdrawal, unspecified"
icd10_51,F10.24,F10.24 - Alcohol dependence with alcohol-induced mood disorder
icd10_52,F10.250,F10.250 - Alcohol dependence with alcohol-induced psychotic disorder with delusions
icd10_53,F10.251,F10.251 - Alcohol dependence with alcohol-induced psychotic disorder with hallucinations
icd10_54,F10.259,"F10.259 - Alcohol dependence with alcohol-induced psychotic disorder, unspecified"
icd10_55,F10.26,F10.26 - Alcohol dependence with alcohol-induced persisting amnestic disorder
icd10_56,F10.27,F10.27 - Alcohol dependence with alcohol-induced persisting dementia
icd10_57,F10.280,F10.280 - Alcohol dependence with alcohol-induced anxiety disorder
icd10_58,F10.281,F10.281 - Alcohol dependence with alcohol-induced sexual dysfunction
icd10_59,F10.282,F10.282 - Alcohol dependence with alcohol-induced sleep disorder
icd10_60,F10.288,F10.288 - Alcohol dependence with other alcohol-induced disorder
icd10_61,F10.29,F10.29 - Alcohol dependence with unspecified alcohol-induced disorder
icd10_62,F10.920,"F10.920 - Alcohol use, unspecified with intoxication, uncomplicated"
icd10_63,F10.921,"F10.921 - Alcohol use, unspecified with intoxication delirium"
icd10_64,F10.929,"F10.929 - Alcohol use, unspecified with intoxication, unspecified"
icd10_65,F10.930,"F10.930 - Alcohol use, unspecified with withdrawal, uncomplicated"
icd10_66,F10.931,"F10.931 - Alcohol use, unspecified with withdrawal delirium"
icd10_67,F10.932,"F10.932 - Alcohol use, unspecified with withdrawal with perceptual disturbance"
icd10_68,F10.939,"F10.939 - Alcohol use, unspecified with withdrawal, unspecified"
icd10_69,F10.94,"F10.94 - Alcohol use, unspecified with alcohol-induced mood disorder"
icd10_70,F10.950,"F10.950 - Alcohol use, unspecified with alcohol-induced psychotic disorder with delusions"
icd10_71,F10.951,"F10.951 - Alcohol use, unspecified with alcohol-induced psychotic disorder with hallucinations"
icd10_72,F10.959,"F10.959 - Alcohol use, unspecified with alcohol-induced psychotic disorder, unspecified"
icd10_73,F10.96,"F10.96 - Alcohol use, unspecified with alcohol-induced persisting amnestic disorder"
icd10_74,F10.97,"F10.97 - Alcohol use, unspecified with alcohol-induced persisting dementia"
icd10_75,F10.980,"F10.980 - Alcohol use, unspecified with alcohol-induced anxiety disorder"
icd10_76,F10.981,"F10.981 - Alcohol use, unspecified with alcohol-induced sexual dysfunction"
icd10_77,F10.982,"F10.982 - Alcohol use, unspecified with alcohol-induced sleep disorder"
icd10_78,F10.988,"F10.988 - Alcohol use, unspecified with other alcohol-induced disorder"
icd10_79,F10.99,"F10.99 - Alcohol use, unspecified with unspecified alcohol-induced disorder"
icd10_80,F11.10,"F11.10 - Opioid abuse, uncomplicated"
icd10_81,F11.11,"F11.11 - Opioid abuse, in remission"
icd10_82,F11.120,"F11.120 - Opioid abuse with intoxication, uncomplicated"
icd10_83,F11.121,F11.121 - Opioid abuse with intoxication delirium
icd10_84,F11.122,F11.122 - Opioid abuse with intoxication with perceptual disturbance
icd10_85,F11.129,"F11.129 - Opioid abuse with intoxication, unspecified"
icd10_86,F11.13,F11.13 - Opioid abuse with withdrawal
icd10_87,F11.14,F11.14 - Opioid abuse with opioid-induced mood disorder
icd10_88,F11.150,F11.150 - Opioid abuse with opioid-induced psychotic disorder with delusions
icd10_89,F11.151,F11.151 - Opioid abuse with opioid-induced psychotic disorder with hallucinations
icd10_90,F11.159,"F11.159 - Opioid abuse with opioid-induced psychotic disorder, unspecified"
icd10_91,F11.181,F11.181 - Opioid abuse with opioid-induced sexual dysfunction
icd10_92,F11.182,F11.182 - Opioid abuse with opioid-induced sleep disorder
icd10_93,F11.188,F11.188 - Opioid abuse with other opioid-induced disorder
icd10_94,F11.19,F11.19 - Opioid abuse with unspecified opioid-induced disorder
icd10_95,F11.20,"F11.20 - Opioid dependence, uncomplicated"
icd10_96,F11.21,"F11.21 - Opioid dependence, in remission"
icd10_97,F11.220,"F11.220 - Opioid dependence with intoxication, uncomplicated"
icd10_98,F11.221,F11.221 - Opioid dependence with intoxication delirium
icd10_99,F11.222,F11.222 - Opioid dependence with intoxication with perceptual disturbance
icd10_100,F11.229,"F11.229 - Opioid dependence with intoxication, unspecified"
icd10_101,F11.23,F11.23 - Opioid dependence with withdrawal
icd10_102,F11.24,F11.24 - Opioid dependence with opioid-induced mood disorder
icd10_103,F11.250,F11.250 - Opioid dependence with opioid-induced psychotic disorder with delusions
icd10_104,F11.251,F11.251 - Opioid dependence with opioid-induced psychotic disorder with hallucinations
icd10_105,F11.259,"F11.259 - Opioid dependence with opioid-induced psychotic disorder, unspecified"
icd10_106,F11.281,F11.281 - Opioid dependence with opioid-induced sexual dysfunction
icd10_107,F11.282,F11.282 - Opioid dependence with opioid-induced sleep disorder
icd10_108,F11.288,F11.288 - Opioid dependence with other opioid-induced disorder
icd10_109,F11.29,F11.29 - Opioid dependence with unspecified opioid-induced disorder
icd10_110,F11.90,"F11.90 - Opioid use, unspecified, uncomplicated"
icd10_111,F11.920,"F11.920 - Opioid use, unspecified with intoxication, uncomplicated"
icd10_112,F11.921,"F11.921 - Opioid use, unspecified with intoxication delirium"
icd10_113,F11.922,"F11.922 - Opioid use, unspecified with intoxication with perceptual disturbance"
icd10_114,F11.929,"F11.929 - Opioid use, unspecified with intoxication, unspecified"
icd10_115,F11.93,"F11.93 - Opioid use, unspecified with withdrawal"
icd10_116,F11.94,"F11.94 - Opioid use, unspecified with opioid-induced mood disorder"
icd10_117,F11.950,"F11.950 - Opioid use, unspecified with opioid-induced psychotic disorder with delusions"
icd10_118,F11.951,"F11.951 - Opioid use, unspecified with opioid-induced psychotic disorder with hallucinations"
icd10_119,F11.959,"F11.959 - Opioid use, unspecified with opioid-induced psychotic disorder, unspecified"
icd10_120,F11.981,"F11.981 - Opioid use, unspecified with opioid-induced sexual dysfunction"
icd10_121,F11.982,"F11.982 - Opioid use, unspecified with opioid-induced sleep disorder"
icd10_122,F11.988,"F11.988 - Opioid use, unspecified with other opioid-induced disorder"
icd10_123,F11.99,"F11.99 - Opioid use, unspecified with unspecified opioid-induced disorder"
icd10_124,F12.10,"F12.10 - Cannabis abuse, uncomplicated"
icd10_125,F12.11,"F12.11 - Cannabis abuse, in remission"
icd10_126,F12.120,"F12.120 - Cannabis abuse with intoxication, uncomplicated"
icd10_127,F12.121,F12.121 - Cannabis abuse with intoxication delirium
icd10_128,F12.122,F12.122 - Cannabis abuse with intoxication with perceptual disturbance
icd10_129,F12.129,"F12.129 - Cannabis abuse with intoxication, unspecified"
icd10_130,F12.13,F12.13 - Cannabis abuse with withdrawal
icd10_131,F12.150,F12.150 - Cannabis abuse with psychotic disorder with delusions
icd10_132,F12.151,F12.151 - Cannabis abuse with psychotic disorder with hallucinations
icd10_133,F12.159,"F12.159 - Cannabis abuse with psychotic disorder, unspecified"
icd10_134,F12.180,F12.180 - Cannabis abuse with cannabis-induced anxiety disorder
icd10_135,F12.188,F12.188 - Cannabis abuse with other cannabis-induced disorder
icd10_136,F12.19,F12.19 - Cannabis abuse with unspecified cannabis-induced disorder
icd10_137,F12.20,"F12.20 - Cannabis dependence, uncomplicated"
icd10_138,F12.21,"F12.21 - Cannabis dependence, in remission"
icd10_139,F12.220,"F12.220 - Cannabis dependence with intoxication, uncomplicated"
icd10_140,F12.221,F12.221 - Cannabis dependence with intoxication delirium
icd10_141,F12.222,F12.222 - Cannabis dependence with intoxication with perceptual disturbance
icd10_142,F12.229,"F12.229 - Cannabis dependence with intoxication, unspecified"
icd10_143,F12.23,F12.23 - Cannabis dependence with withdrawal
icd10_144,F12.250,F12.250 - Cannabis dependence with psychotic disorder with delusions
icd10_145,F12.251,F12.251 - Cannabis dependence with psychotic disorder with hallucinations
icd10_146,F12.259,"F12.259 - Cannabis dependence with psychotic disorder, unspecified"
icd10_147,F12.280,F12.280 - Cannabis dependence with cannabis-induced anxiety disorder
icd10_148,F12.288,F12.288 - Cannabis dependence with other cannabis-induced disorder
icd10_149,F12.29,F12.29 - Cannabis dependence with unspecified cannabis-induced disorder
icd10_150,F12.90,"F12.90 - Cannabis use, unspecified, uncomplicated"
icd10_151,F12.920,"F12.920 - Cannabis use, unspecified with intoxication, uncomplicated"
icd10_152,F12.921,"F12.921 - Cannabis use, unspecified with intoxication delirium"
icd10_153,F12.922,"F12.922 - Cannabis use, unspecified with intoxication with perceptual disturbance"
icd10_154,F12.929,"F12.929 - Cannabis use, unspecified with intoxication, unspecified"
icd10_155,F12.93,"F12.93 - Cannabis use, unspecified with withdrawal"
icd10_156,F12.950,"F12.950 - Cannabis use, unspecified with psychotic disorder with delusions"
icd10_157,F12.951,"F12.951 - Cannabis use, unspecified with psychotic disorder with hallucinations"
icd10_158,F12.959,"F12.959 - Cannabis use, unspecified with psychotic disorder, unspecified"
icd10_159,F12.980,"F12.980 - Cannabis use, unspecified with anxiety disorder"
icd10_160,F12.988,"F12.988 - Cannabis use, unspecified with other cannabis-induced disorder"
icd10_161,F12.99,"F12.99 - Cannabis use, unspecified with unspecified cannabis-induced disorder"
icd10_162,F13.10,"F13.10 - Sedative, hypnotic or anxiolytic abuse, uncomplicated"
icd10_163,F13.11,"F13.11 - Sedative, hypnotic or anxiolytic abuse, in remission"
icd10_164,F13.120,"F13.120 - Sedative, hypnotic or anxiolytic abuse with intoxication, uncomplicated"
icd10_165,F13.121,"F13.121 - Sedative, hypnotic or anxiolytic abuse with intoxication delirium"
icd10_166,F13.129,"F13.129 - Sedative, hypnotic or anxiolytic abuse with intoxication, unspecified"
icd10_167,F13.130,"F13.130 - Sedative, hypnotic or anxiolytic abuse with withdrawal, uncomplicated"
icd10_168,F13.131,"F13.131 - Sedative, hypnotic or anxiolytic abuse with withdrawal delirium"
icd10_169,F13.132,"F13.132 - Sedative, hypnotic or anxiolytic abuse with withdrawal with perceptual disturbance"
icd10_170,F13.139,"F13.139 - Sedative, hypnotic or anxiolytic abuse with withdrawal, unspecified"
icd10_171,F13.14,"F13.14 - Sedative, hypnotic or anxiolytic abuse with sedative, hypnotic or anxiolytic-induced mood disorder"
icd10_172,F13.150,"F13.150 - Sedative, hypnotic or anxiolytic abuse with sedative, hypnotic or anxiolytic-induced psychotic disorder with delusions"
icd10_173,F13.151,"F13.151 - Sedative, hypnotic or anxiolytic abuse with sedative, hypnotic or anxiolytic-induced psychotic disorder with hallucinations"
icd10_174,F13.159,"F13.159 - Sedative, hypnotic or anxiolytic abuse with sedative, hypnotic or anxiolytic-induced psychotic disorder, unspecified"
icd10_175,F13.180,"F13.180 - Sedative, hypnotic or anxiolytic abuse with sedative, hypnotic or anxiolytic-induced anxiety disorder"
icd10_176,F13.181,"F13.181 - Sedative, hypnotic or anxiolytic abuse with sedative, hypnotic or anxiolytic-induced sexual dysfunction"
icd10_177,F13.182,"F13.182 - Sedative, hypnotic or anxiolytic abuse with sedative, hypnotic or anxiolytic-induced sleep disorder"
icd10_178,F13.188,"F13.188 - Sedative, hypnotic or anxiolytic abuse with other sedative, hypnotic or anxiolytic-induced disorder"
icd10_179,F13.19,"F13.19 - Sedative, hypnotic or anxiolytic abuse with unspecified sedative, hypnotic or anxiolytic-induced disorder"
icd10_180,F13.20,"F13.20 - Sedative, hypnotic or anxiolytic dependence, uncomplicated"
icd10_181,F13.21,"F13.21 - Sedative, hypnotic or anxiolytic dependence, in remission"
icd10_182,F13.220,"F13.220 - Sedative, hypnotic or anxiolytic dependence with intoxication, uncomplicated"
icd10_183,F13.221,"F13.221 - Sedative, hypnotic or anxiolytic dependence with intoxication delirium"
icd10_184,F13.229,"F13.229 - Sedative, hypnotic or anxiolytic dependence with intoxication, unspecified"
icd10_185,F13.230,"F13.230 - Sedative, hypnotic or anxiolytic dependence with withdrawal, uncomplicated"
icd10_186,F13.231,"F13.231 - Sedative, hypnotic or anxiolytic dependence with withdrawal delirium"
icd10_187,F13.232,"F13.232 - Sedative, hypnotic or anxiolytic dependence with withdrawal with perceptual disturbance"
icd10_188,F13.239,"F13.239 - Sedative, hypnotic or anxiolytic dependence with withdrawal, unspecified"
icd10_189,F13.24,"F13.24 - Sedative, hypnotic or anxiolytic dependence with sedative, hypnotic or anxiolytic-induced mood disorder"
icd10_190,F13.250,"F13.250 - Sedative, hypnotic or anxiolytic dependence with sedative, hypnotic or anxiolytic-induced psychotic disorder with delusions"
icd10_191,F13.251,"F13.251 - Sedative, hypnotic or anxiolytic dependence with sedative, hypnotic or anxiolytic-induced psychotic disorder with hallucinations"
icd10_192,F13.259,"F13.259 - Sedative, hypnotic or anxiolytic dependence with sedative, hypnotic or anxiolytic-induced psychotic disorder, unspecified"
icd10_193,F13.26,"F13.26 - Sedative, hypnotic or anxiolytic dependence with sedative, hypnotic or anxiolytic-induced persisting amnestic disorder"
icd10_194,F13.27,"F13.27 - Sedative, hypnotic or anxiolytic dependence with sedative, hypnotic or anxiolytic-induced persisting dementia"
icd10_195,F13.280,"F13.280 - Sedative, hypnotic or anxiolytic dependence with sedative, hypnotic or anxiolytic-induced anxiety disorder"
icd10_196,F13.281,"F13.281 - Sedative, hypnotic or anxiolytic dependence with sedative, hypnotic or anxiolytic-induced sexual dysfunction"
icd10_197,F13.282,"F13.282 - Sedative, hypnotic or anxiolytic dependence with sedative, hypnotic or anxiolytic-induced sleep disorder"
icd10_198,F13.288,"F13.288 - Sedative, hypnotic or anxiolytic dependence with other sedative, hypnotic or anxiolytic-induced disorder"
icd10_199,F13.29,"F13.29 - Sedative, hypnotic or anxiolytic dependence with unspecified sedative, hypnotic or anxiolytic-induced disorder"
icd10_200,F13.90,"F13.90 - Sedative, hypnotic, or anxiolytic use, unspecified, uncomplicated"
icd10_201,F13.920,"F13.920 - Sedative, hypnotic or anxiolytic use, unspecified with intoxication, uncomplicated"
icd10_202,F13.921,"F13.921 - Sedative, hypnotic or anxiolytic use, unspecified with intoxication delirium"
icd10_203,F13.929,"F13.929 - Sedative, hypnotic or anxiolytic use, unspecified with intoxication, unspecified"
icd10_204,F13.930,"F13.930 - Sedative, hypnotic or anxiolytic use, unspecified with withdrawal, uncomplicated"
icd10_205,F13.931,"F13.931 - Sedative, hypnotic or anxiolytic use, unspecified with withdrawal delirium"
icd10_206,F13.932,"F13.932 - Sedative, hypnotic or anxiolytic use, unspecified with withdrawal with perceptual disturbances"
icd10_207,F13.939,"F13.939 - Sedative, hypnotic or anxiolytic use, unspecified with withdrawal, unspecified"
icd10_208,F13.94,"F13.94 - Sedative, hypnotic or anxiolytic use, unspecified with sedative, hypnotic or anxiolytic-induced mood disorder"
icd10_209,F13.950,"F13.950 - Sedative, hypnotic or anxiolytic use, unspecified with sedative, hypnotic or anxiolytic-induced psychotic disorder with delusions"
icd10_210,F13.951,"F13.951 - Sedative, hypnotic or anxiolytic use, unspecified with sedative, hypnotic or anxiolytic-induced psychotic disorder with hallucinations"
icd10_211,F13.959,"F13.959 - Sedative, hypnotic or anxiolytic use, unspecified with sedative, hypnotic or anxiolytic-induced psychotic disorder, unspecified"
icd10_212,F13.96,"F13.96 - Sedative, hypnotic or anxiolytic use, unspecified with sedative, hypnotic or anxiolytic-induced persisting amnestic disorder"
icd10_213,F13.97,"F13.97 - Sedative, hypnotic or anxiolytic use, unspecified with sedative, hypnotic or anxiolytic-induced persisting dementia"
icd10_214,F13.980,"F13.980 - Sedative, hypnotic or anxiolytic use, unspecified with sedative, hypnotic or anxiolytic-induced anxiety disorder"
icd10_215,F13.981,"F13.981 - Sedative, hypnotic or anxiolytic use, unspecified with sedative, hypnotic or anxiolytic-induced sexual dysfunction"
icd10_216,F13.982,"F13.982 - Sedative, hypnotic or anxiolytic use, unspecified with sedative, hypnotic or anxiolytic-induced sleep disorder"
icd10_217,F13.988,"F13.988 - Sedative, hypnotic or anxiolytic use, unspecified with other sedative, hypnotic or anxiolytic-induced disorder"
icd10_218,F13.99,"F13.99 - Sedative, hypnotic or anxiolytic use, unspecified with unspecified sedative, hypnotic or anxiolytic-induced disorder"
icd10_219,F14.10,"F14.10 - Cocaine abuse, uncomplicated"
icd10_220,F14.11,"F14.11 - Cocaine abuse, in remission"
icd10_221,F14.120,"F14.120 - Cocaine abuse with intoxication, uncomplicated"
icd10_222,F14.121,F14.121 - Cocaine abuse with intoxication with delirium
icd10_223,F14.122,F14.122 - Cocaine abuse with intoxication with perceptual disturbance
icd10_224,F14.129,"F14.129 - Cocaine abuse with intoxication, unspecified"
icd10_225,F14.13,"F14.13 - Cocaine abuse, unspecified with withdrawal"
icd10_226,F14.14,F14.14 - Cocaine abuse with cocaine-induced mood disorder
icd10_227,F14.150,F14.150 - Cocaine abuse with cocaine-induced psychotic disorder with delusions
icd10_228,F14.151,F14.151 - Cocaine abuse with cocaine-induced psychotic disorder with hallucinations
icd10_229,F14.159,"F14.159 - Cocaine abuse with cocaine-induced psychotic disorder, unspecified"
icd10_230,F14.180,F14.180 - Cocaine abuse with cocaine-induced anxiety disorder
icd10_231,F14.181,F14.181 - Cocaine abuse with cocaine-induced sexual dysfunction
icd10_232,F14.182,F14.182 - Cocaine abuse with cocaine-induced sleep disorder
icd10_233,F14.188,F14.188 - Cocaine abuse with other cocaine-induced disorder
icd10_234,F14.19,F14.19 - Cocaine abuse with unspecified cocaine-induced disorder
icd10_235,F14.20,"F14.20 - Cocaine dependence, uncomplicated"
icd10_236,F14.21,"F14.21 - Cocaine dependence, in remission"
icd10_237,F14.220,"F14.220 - Cocaine dependence with intoxication, uncomplicated"
icd10_238,F14.221,F14.221 - Cocaine dependence with intoxication delirium
icd10_239,F14.222,F14.222 - Cocaine dependence with intoxication with perceptual disturbance
icd10_240,F14.229,"F14.229 - Cocaine dependence with intoxication, unspecified"
icd10_241,F14.23,F14.23 - Cocaine dependence with withdrawal
icd10_242,F14.24,F14.24 - Cocaine dependence with cocaine-induced mood disorder
icd10_243,F14.250,F14.250 - Cocaine dependence with cocaine-induced psychotic disorder with delusions
icd10_244,F14.251,F14.251 - Cocaine dependence with cocaine-induced psychotic disorder with hallucinations
icd10_245,F14.259,"F14.259 - Cocaine dependence with cocaine-induced psychotic disorder, unspecified"
icd10_246,F14.280,F14.280 - Cocaine dependence with cocaine-induced anxiety disorder
icd10_247,F14.281,F14.281 - Cocaine dependence with cocaine-induced sexual dysfunction
icd10_248,F14.282,F14.282 - Cocaine dependence with cocaine-induced sleep disorder
icd10_249,F14.288,F14.288 - Cocaine dependence with other cocaine-induced disorder
icd10_250,F14.29,F14.29 - Cocaine dependence with unspecified cocaine-induced disorder
icd10_251,F14.90,"F14.90 - Cocaine use, unspecified, uncomplicated"
icd10_252,F14.920,"F14.920 - Cocaine use, unspecified with intoxication, uncomplicated"
icd10_253,F14.921,"F14.921 - Cocaine use, unspecified with intoxication delirium"
icd10_254,F14.922,"F14.922 - Cocaine use, unspecified with intoxication with perceptual disturbance"
icd10_255,F14.929,"F14.929 - Cocaine use, unspecified with intoxication, unspecified"
icd10_256,F14.93,"F14.93 - Cocaine use, unspecified with withdrawal"
icd10_257,F14.94,"F14.94 - Cocaine use, unspecified with cocaine-induced mood disorder"
icd10_258,F14.950,"F14.950 - Cocaine use, unspecified with cocaine-induced psychotic disorder with delusions"
icd10_259,F14.951,"F14.951 - Cocaine use, unspecified with cocaine-induced psychotic disorder with hallucinations"
icd10_260,F14.959,"F14.959 - Cocaine use, unspecified with cocaine-induced psychotic disorder, unspecified"
icd10_261,F14.980,"F14.980 - Cocaine use, unspecified with cocaine-induced anxiety disorder"
icd10_262,F14.981,"F14.981 - Cocaine use, unspecified with cocaine-induced sexual dysfunction"
icd10_263,F14.982,"F14.982 - Cocaine use, unspecified with cocaine-induced sleep disorder"
icd10_264,F14.988,"F14.988 - Cocaine use, unspecified with other cocaine-induced disorder"
icd10_265,F14.99,"F14.99 - Cocaine use, unspecified with unspecified cocaine-induced disorder"
icd10_266,F15.10,"F15.10 - Other stimulant abuse, uncomplicated"
icd10_267,F15.11,"F15.11 - Other stimulant abuse, in remission"
icd10_268,F15.120,"F15.120 - Other stimulant abuse with intoxication, uncomplicated"
icd10_269,F15.121,F15.121 - Other stimulant abuse with intoxication delirium
icd10_270,F15.122,F15.122 - Other stimulant abuse with intoxication with perceptual disturbance
icd10_271,F15.129,"F15.129 - Other stimulant abuse with intoxication, unspecified"
icd10_272,F15.13,F15.13 - Other stimulant abuse with withdrawal
icd10_273,F15.14,F15.14 - Other stimulant abuse with stimulant-induced mood disorder
icd10_274,F15.150,F15.150 - Other stimulant abuse with stimulant-induced psychotic disorder with delusions
icd10_275,F15.151,F15.151 - Other stimulant abuse with stimulant-induced psychotic disorder with hallucinations
icd10_276,F15.159,"F15.159 - Other stimulant abuse with stimulant-induced psychotic disorder, unspecified"
icd10_277,F15.180,F15.180 - Other stimulant abuse with stimulant-induced anxiety disorder
icd10_278,F15.181,F15.181 - Other stimulant abuse with stimulant-induced sexual dysfunction
icd10_279,F15.182,F15.182 - Other stimulant abuse with stimulant-induced sleep disorder
icd10_280,F15.188,F15.188 - Other stimulant abuse with other stimulant-induced disorder
icd10_281,F15.19,F15.19 - Other stimulant abuse with unspecified stimulant-induced disorder
icd10_282,F15.20,"F15.20 - Other stimulant dependence, uncomplicated"
icd10_283,F15.21,"F15.21 - Other stimulant dependence, in remission"
icd10_284,F15.220,"F15.220 - Other stimulant dependence with intoxication, uncomplicated"
icd10_285,F15.221,F15.221 - Other stimulant dependence with intoxication delirium
icd10_286,F15.222,F15.222 - Other stimulant dependence with intoxication with perceptual disturbance
icd10_287,F15.229,"F15.229 - Other stimulant dependence with intoxication, unspecified"
icd10_288,F15.23,F15.23 - Other stimulant dependence with withdrawal
icd10_289,F15.24,F15.24 - Other stimulant dependence with stimulant-induced mood disorder
icd10_290,F15.250,F15.250 - Other stimulant dependence with stimulant-induced psychotic disorder with delusions
icd10_291,F15.251,F15.251 - Other stimulant dependence with stimulant-induced psychotic disorder with hallucinations
icd10_292,F15.259,"F15.259 - Other stimulant dependence with stimulant-induced psychotic disorder, unspecified"
icd10_293,F15.280,F15.280 - Other stimulant dependence with stimulant-induced anxiety disorder
icd10_294,F15.281,F15.281 - Other stimulant dependence with stimulant-induced sexual dysfunction
icd10_295,F15.282,F15.282 - Other stimulant dependence with stimulant-induced sleep disorder
icd10_296,F15.288,F15.288 - Other stimulant dependence with other stimulant-induced disorder
icd10_297,F15.29,F15.29 - Other stimulant dependence with unspecified stimulant-induced disorder
icd10_298,F15.90,"F15.90 - Other stimulant use, unspecified, uncomplicated"
icd10_299,F15.920,"F15.920 - Other stimulant use, unspecified with intoxication, uncomplicated"
icd10_300,F15.921,"F15.921 - Other stimulant use, unspecified with intoxication delirium"
icd10_301,F15.922,"F15.922 - Other stimulant use, unspecified with intoxication with perceptual disturbance"
icd10_302,F15.929,"F15.929 - Other stimulant use, unspecified with intoxication, unspecified"
icd10_303,F15.93,"F15.93 - Other stimulant use, unspecified with withdrawal"
icd10_304,F15.94,"F15.94 - Other stimulant use, unspecified with stimulant-induced mood disorder"
icd10_305,F15.950,"F15.950 - Other stimulant use, unspecified with stimulant-induced psychotic disorder with delusions"
icd10_306,F15.951,"F15.951 - Other stimulant use, unspecified with stimulant-induced psychotic disorder with hallucinations"
icd10_307,F15.959,"F15.959 - Other stimulant use, unspecified with stimulant-induced psychotic disorder, unspecified"
icd10_308,F15.980,"F15.980 - Other stimulant use, unspecified with stimulant-induced anxiety disorder"
icd10_309,F15.981,"F15.981 - Other stimulant use, unspecified with stimulant-induced sexual dysfunction"
icd10_310,F15.982,"F15.982 - Other stimulant use, unspecified with stimulant-induced sleep disorder"
icd10_311,F15.988,"F15.988 - Other stimulant use, unspecified with other stimulant-induced disorder"
icd10_312,F15.99,"F15.99 - Other stimulant use, unspecified with unspecified stimulant-induced disorder"
icd10_313,F16.10,"F16.10 - Hallucinogen abuse, uncomplicated"
icd10_314,F16.11,"F16.11 - Hallucinogen abuse, in remission"
icd10_315,F16.120,"F16.120 - Hallucinogen abuse with intoxication, uncomplicated"
icd10_316,F16.121,F16.121 - Hallucinogen abuse with intoxication with delirium
icd10_317,F16.122,F16.122 - Hallucinogen abuse with intoxication with perceptual disturbance
icd10_318,F16.129,"F16.129 - Hallucinogen abuse with intoxication, unspecified"
icd10_319,F16.14,F16.14 - Hallucinogen abuse with hallucinogen-induced mood disorder
icd10_320,F16.150,F16.150 - Hallucinogen abuse with hallucinogen-induced psychotic disorder with delusions
icd10_321,F16.151,F16.151 - Hallucinogen abuse with hallucinogen-induced psychotic disorder with hallucinations
icd10_322,F16.159,"F16.159 - Hallucinogen abuse with hallucinogen-induced psychotic disorder, unspecified"
icd10_323,F16.180,F16.180 - Hallucinogen abuse with hallucinogen-induced anxiety disorder
icd10_324,F16.183,F16.183 - Hallucinogen abuse with hallucinogen persisting perception disorder (flashbacks)
icd10_325,F16.188,F16.188 - Hallucinogen abuse with other hallucinogen-induced disorder
icd10_326,F16.19,F16.19 - Hallucinogen abuse with unspecified hallucinogen-induced disorder
icd10_327,F16.20,"F16.20 - Hallucinogen dependence, uncomplicated"
icd10_328,F16.21,"F16.21 - Hallucinogen dependence, in remission"
icd10_329,F16.220,"F16.220 - Hallucinogen dependence with intoxication, uncomplicated"
icd10_330,F16.221,F16.221 - Hallucinogen dependence with intoxication with delirium
icd10_331,F16.229,"F16.229 - Hallucinogen dependence with intoxication, unspecified"
icd10_332,F16.24,F16.24 - Hallucinogen dependence with hallucinogen-induced mood disorder
icd10_333,F16.250,F16.250 - Hallucinogen dependence with hallucinogen-induced psychotic disorder with delusions
icd10_334,F16.251,F16.251 - Hallucinogen dependence with hallucinogen-induced psychotic disorder with hallucinations
icd10_335,F16.259,"F16.259 - Hallucinogen dependence with hallucinogen-induced psychotic disorder, unspecified"
icd10_336,F16.280,F16.280 - Hallucinogen dependence with hallucinogen-induced anxiety disorder
icd10_337,F16.283,F16.283 - Hallucinogen dependence with hallucinogen persisting perception disorder (flashbacks)
icd10_338,F16.288,F16.288 - Hallucinogen dependence with other hallucinogen-induced disorder
icd10_339,F16.29,F16.29 - Hallucinogen dependence with unspecified hallucinogen-induced disorder
icd10_340,F16.90,"F16.90 - Hallucinogen use, unspecified, uncomplicated"
icd10_341,F16.920,"F16.920 - Hallucinogen use, unspecified with intoxication, uncomplicated"
icd10_342,F16.921,"F16.921 - Hallucinogen use, unspecified with intoxication with delirium"
icd10_343,F16.929,"F16.929 - Hallucinogen use, unspecified with intoxication, unspecified"
icd10_344,F16.94,"F16.94 - Hallucinogen use, unspecified with hallucinogen-induced mood disorder"
icd10_345,F16.950,"F16.950 - Hallucinogen use, unspecified with hallucinogen-induced psychotic disorder with delusions"
icd10_346,F16.951,"F16.951 - Hallucinogen use, unspecified with hallucinogen-induced psychotic disorder with hallucinations"
icd10_347,F16.959,"F16.959 - Hallucinogen use, unspecified with hallucinogen-induced psychotic disorder, unspecified"
icd10_348,F16.980,"F16.980 - Hallucinogen use, unspecified with hallucinogen-induced anxiety disorder"
icd10_349,F16.983,"F16.983 - Hallucinogen use, unspecified with hallucinogen persisting perception disorder (flashbacks)"
icd10_350,F16.988,"F16.988 - Hallucinogen use, unspecified with other hallucinogen-induced disorder"
icd10_351,F16.99,"F16.99 - Hallucinogen use, unspecified with unspecified hallucinogen-induced disorder"
icd10_352,F17.200,"F17.200 - Nicotine dependence, unspecified, uncomplicated"
icd10_353,F17.201,"F17.201 - Nicotine dependence, unspecified, in remission"
icd10_354,F17.203,"F17.203 - Nicotine dependence unspecified, with withdrawal"
icd10_355,F17.208,"F17.208 - Nicotine dependence, unspecified, with other nicotine-induced disorders"
icd10_356,F17.209,"F17.209 - Nicotine dependence, unspecified, with unspecified nicotine-induced disorders"
icd10_357,F17.210,"F17.210 - Nicotine dependence, cigarettes, uncomplicated"
icd10_358,F17.211,"F17.211 - Nicotine dependence, cigarettes, in remission"
icd10_359,F17.213,"F17.213 - Nicotine dependence, cigarettes, with withdrawal"
icd10_360,F17.218,"F17.218 - Nicotine dependence, cigarettes, with other nicotine-induced disorders"
icd10_361,F17.219,"F17.219 - Nicotine dependence, cigarettes, with unspecified nicotine-induced disorders"
icd10_362,F17.220,"F17.220 - Nicotine dependence, chewing tobacco, uncomplicated"
icd10_363,F17.221,"F17.221 - Nicotine dependence, chewing tobacco, in remission"
icd10_364,F17.223,"F17.223 - Nicotine dependence, chewing tobacco, with withdrawal"
icd10_365,F17.228,"F17.228 - Nicotine dependence, chewing tobacco, with other nicotine-induced disorders"
icd10_366,F17.229,"F17.229 - Nicotine dependence, chewing tobacco, with unspecified nicotine-induced disorders"
icd10_367,F17.290,"F17.290 - Nicotine dependence, other tobacco product, uncomplicated"
icd10_368,F17.291,"F17.291 - Nicotine dependence, other tobacco product, in remission"
icd10_369,F17.293,"F17.293 - Nicotine dependence, other tobacco product, with withdrawal"
icd10_370,F17.298,"F17.298 - Nicotine dependence, other tobacco product, with other nicotine-induced disorders"
icd10_371,F17.299,"F17.299 - Nicotine dependence, other tobacco product, with unspecified nicotine-induced disorders"
icd10_372,F18.10,"F18.10 - Inhalant abuse, uncomplicated"
icd10_373,F18.11,"F18.11 - Inhalant abuse, in remission"
icd10_374,F18.120,"F18.120 - Inhalant abuse with intoxication, uncomplicated"
icd10_375,F18.121,F18.121 - Inhalant abuse with intoxication delirium
icd10_376,F18.129,"F18.129 - Inhalant abuse with intoxication, unspecified"
icd10_377,F18.14,F18.14 - Inhalant abuse with inhalant-induced mood disorder
icd10_378,F18.150,F18.150 - Inhalant abuse with inhalant-induced psychotic disorder with delusions
icd10_379,F18.151,F18.151 - Inhalant abuse with inhalant-induced psychotic disorder with hallucinations
icd10_380,F18.159,"F18.159 - Inhalant abuse with inhalant-induced psychotic disorder, unspecified"
icd10_381,F18.17,F18.17 - Inhalant abuse with inhalant-induced dementia
icd10_382,F18.180,F18.180 - Inhalant abuse with inhalant-induced anxiety disorder
icd10_383,F18.188,F18.188 - Inhalant abuse with other inhalant-induced disorder
icd10_384,F18.19,F18.19 - Inhalant abuse with unspecified inhalant-induced disorder
icd10_385,F18.20,"F18.20 - Inhalant dependence, uncomplicated"
icd10_386,F18.21,"F18.21 - Inhalant dependence, in remission"
icd10_387,F18.220,"F18.220 - Inhalant dependence with intoxication, uncomplicated"
icd10_388,F18.221,F18.221 - Inhalant dependence with intoxication delirium
icd10_389,F18.229,"F18.229 - Inhalant dependence with intoxication, unspecified"
icd10_390,F18.24,F18.24 - Inhalant dependence with inhalant-induced mood disorder
icd10_391,F18.250,F18.250 - Inhalant dependence with inhalant-induced psychotic disorder with delusions
icd10_392,F18.251,F18.251 - Inhalant dependence with inhalant-induced psychotic disorder with hallucinations
icd10_393,F18.259,"F18.259 - Inhalant dependence with inhalant-induced psychotic disorder, unspecified"
icd10_394,F18.27,F18.27 - Inhalant dependence with inhalant-induced dementia
icd10_395,F18.280,F18.280 - Inhalant dependence with inhalant-induced anxiety disorder
icd10_396,F18.288,F18.288 - Inhalant dependence with other inhalant-induced disorder
icd10_397,F18.29,F18.29 - Inhalant dependence with unspecified inhalant-induced disorder
icd10_398,F18.90,"F18.90 - Inhalant use, unspecified, uncomplicated"
icd10_399,F18.920,"F18.920 - Inhalant use, unspecified with intoxication, uncomplicated"
icd10_400,F18.921,"F18.921 - Inhalant use, unspecified with intoxication with delirium"
icd10_401,F18.929,"F18.929 - Inhalant use, unspecified with intoxication, unspecified"
icd10_402,F18.94,"F18.94 - Inhalant use, unspecified with inhalant-induced mood disorder"
icd10_403,F18.950,"F18.950 - Inhalant use, unspecified with inhalant-induced psychotic disorder with delusions"
icd10_404,F18.951,"F18.951 - Inhalant use, unspecified with inhalant-induced psychotic disorder with hallucinations"
icd10_405,F18.959,"F18.959 - Inhalant use, unspecified with inhalant-induced psychotic disorder, unspecified"
icd10_406,F18.97,"F18.97 - Inhalant use, unspecified with inhalant-induced persisting dementia"
icd10_407,F18.980,"F18.980 - Inhalant use, unspecified with inhalant-induced anxiety disorder"
icd10_408,F18.988,"F18.988 - Inhalant use, unspecified with other inhalant-induced disorder"
icd10_409,F18.99,"F18.99 - Inhalant use, unspecified with unspecified inhalant-induced disorder"
icd10_410,F19.10,"F19.10 - Other psychoactive substance abuse, uncomplicated"
icd10_411,F19.11,"F19.11 - Other psychoactive substance abuse, in remission"
icd10_412,F19.120,"F19.120 - Other psychoactive substance abuse with intoxication, uncomplicated"
icd10_413,F19.121,F19.121 - Other psychoactive substance abuse with intoxication delirium
icd10_414,F19.122,F19.122 - Other psychoactive substance abuse with intoxication with perceptual disturbances
icd10_415,F19.129,"F19.129 - Other psychoactive substance abuse with intoxication, unspecified"
icd10_416,F19.130,"F19.130 - Other psychoactive substance abuse with withdrawal, uncomplicated"
icd10_417,F19.131,F19.131 - Other psychoactive substance abuse with withdrawal delirium
icd10_418,F19.132,F19.132 - Other psychoactive substance abuse with withdrawal with perceptual disturbance
icd10_419,F19.139,"F19.139 - Other psychoactive substance abuse with withdrawal, unspecified"
icd10_420,F19.14,F19.14 - Other psychoactive substance abuse with psychoactive substance-induced mood disorder
icd10_421,F19.150,F19.150 - Other psychoactive substance abuse with psychoactive substance-induced psychotic disorder with delusions
icd10_422,F19.151,F19.151 - Other psychoactive substance abuse with psychoactive substance-induced psychotic disorder with hallucinations
icd10_423,F19.159,"F19.159 - Other psychoactive substance abuse with psychoactive substance-induced psychotic disorder, unspecified"
icd10_424,F19.16,F19.16 - Other psychoactive substance abuse with psychoactive substance-induced persisting amnestic disorder
icd10_425,F19.17,F19.17 - Other psychoactive substance abuse with psychoactive substance-induced persisting dementia
icd10_426,F19.180,F19.180 - Other psychoactive substance abuse with psychoactive substance-induced anxiety disorder
icd10_427,F19.181,F19.181 - Other psychoactive substance abuse with psychoactive substance-induced sexual dysfunction
icd10_428,F19.182,F19.182 - Other psychoactive substance abuse with psychoactive substance-induced sleep disorder
icd10_429,F19.188,F19.188 - Other psychoactive substance abuse with other psychoactive substance-induced disorder
icd10_430,F19.19,F19.19 - Other psychoactive substance abuse with unspecified psychoactive substance-induced disorder
icd10_431,F19.20,"F19.20 - Other psychoactive substance dependence, uncomplicated"
icd10_432,F19.21,"F19.21 - Other psychoactive substance dependence, in remission"
icd10_433,F19.220,"F19.220 - Other psychoactive substance dependence with intoxication, uncomplicated"
icd10_434,F19.221,F19.221 - Other psychoactive substance dependence with intoxication delirium
icd10_435,F19.222,F19.222 - Other psychoactive substance dependence with intoxication with perceptual disturbance
icd10_436,F19.229,"F19.229 - Other psychoactive substance dependence with intoxication, unspecified"
icd10_437,F19.230,"F19.230 - Other psychoactive substance dependence with withdrawal, uncomplicated"
icd10_438,F19.231,F19.231 - Other psychoactive substance dependence with withdrawal delirium
icd10_439,F19.232,F19.232 - Other psychoactive substance dependence with withdrawal with perceptual disturbance
icd10_440,F19.239,"F19.239 - Other psychoactive substance dependence with withdrawal, unspecified"
icd10_441,F19.24,F19.24 - Other psychoactive substance dependence with psychoactive substance-induced mood disorder
icd10_442,F19.250,F19.250 - Other psychoactive substance dependence with psychoactive substance-induced psychotic disorder with delusions
icd10_443,F19.251,F19.251 - Other psychoactive substance dependence with psychoactive substance-induced psychotic disorder with hallucinations
icd10_444,F19.259,"F19.259 - Other psychoactive substance dependence with psychoactive substance-induced psychotic disorder, unspecified"
icd10_445,F19.26,F19.26 - Other psychoactive substance dependence with psychoactive substance-induced persisting amnestic disorder
icd10_446,F19.27,F19.27 - Other psychoactive substance dependence with psychoactive substance-induced persisting dementia
icd10_447,F19.280,F19.280 - Other psychoactive substance dependence with psychoactive substance-induced anxiety disorder
icd10_448,F19.281,F19.281 - Other psychoactive substance dependence with psychoactive substance-induced sexual dysfunction
icd10_449,F19.282,F19.282 - Other psychoactive substance dependence with psychoactive substance-induced sleep disorder
icd10_450,F19.288,F19.288 - Other psychoactive substance dependence with other psychoactive substance-induced disorder
icd10_451,F19.29,F19.29 - Other psychoactive substance dependence with unspecified psychoactive substance-induced disorder
icd10_452,F19.90,"F19.90 - Other psychoactive substance use, unspecified, uncomplicated"
icd10_453,F19.920,"F19.920 - Other psychoactive substance use, unspecified with intoxication, uncomplicated"
icd10_454,F19.921,"F19.921 - Other psychoactive substance use, unspecified with intoxication with delirium"
icd10_455,F19.922,"F19.922 - Other psychoactive substance use, unspecified with intoxication with perceptual disturbance"
icd10_456,F19.929,"F19.929 - Other psychoactive substance use, unspecified with intoxication, unspecified"
icd10_457,F19.930,"F19.930 - Other psychoactive substance use, unspecified with withdrawal, uncomplicated"
icd10_458,F19.931,"F19.931 - Other psychoactive substance use, unspecified with withdrawal delirium"
icd10_459,F19.932,"F19.932 - Other psychoactive substance use, unspecified with withdrawal with perceptual disturbance"
icd10_460,F19.939,"F19.939 - Other psychoactive substance use, unspecified with withdrawal, unspecified"
icd10_461,F19.94,"F19.94 - Other psychoactive substance use, unspecified with psychoactive substance-induced mood disorder"
icd10_462,F19.950,"F19.950 - Other psychoactive substance use, unspecified with psychoactive substance-induced psychotic disorder with delusions"
icd10_463,F19.951,"F19.951 - Other psychoactive substance use, unspecified with psychoactive substance-induced psychotic disorder with hallucinations"
icd10_464,F19.959,"F19.959 - Other psychoactive substance use, unspecified with psychoactive substance-induced psychotic disorder, unspecified"
icd10_465,F19.96,"F19.96 - Other psychoactive substance use, unspecified with psychoactive substance-induced persisting amnestic disorder"
icd10_466,F19.97,"F19.97 - Other psychoactive substance use, unspecified with psychoactive substance-induced persisting dementia"
icd10_467,F19.980,"F19.980 - Other psychoactive substance use, unspecified with psychoactive substance-induced anxiety disorder"
icd10_468,F19.981,"F19.981 - Other psychoactive substance use, unspecified with psychoactive substance-induced sexual dysfunction"
icd10_469,F19.982,"F19.982 - Other psychoactive substance use, unspecified with psychoactive substance-induced sleep disorder"
icd10_470,F19.988,"F19.988 - Other psychoactive substance use, unspecified with other psychoactive substance-induced disorder"
icd10_471,F19.99,"F19.99 - Other psychoactive substance use, unspecified with unspecified psychoactive substance-induced disorder"
icd10_472,F20.0,F20.0 - Paranoid schizophrenia
icd10_473,F20.1,F20.1 - Disorganized schizophrenia
icd10_474,F20.2,F20.2 - Catatonic schizophrenia
icd10_475,F20.3,F20.3 - Undifferentiated schizophrenia
icd10_476,F20.5,F20.5 - Residual schizophrenia
icd10_477,F20.81,F20.81 - Schizophreniform disorder
icd10_478,F20.89,F20.89 - Other schizophrenia
icd10_479,F20.9,"F20.9 - Schizophrenia, unspecified"
icd10_480,F21,F21 - Schizotypal disorder
icd10_481,F22,F22 - Delusional disorders
icd10_482,F23,F23 - Brief psychotic disorder
icd10_483,F24,F24 - Shared psychotic disorder
icd10_484,F25.0,"F25.0 - Schizoaffective disorder, bipolar type"
icd10_485,F25.1,"F25.1 - Schizoaffective disorder, depressive type"
icd10_486,F25.8,F25.8 - Other schizoaffective disorders
icd10_487,F25.9,"F25.9 - Schizoaffective disorder, unspecified"
icd10_488,F28,F28 - Other psychotic disorder not due to a substance or known physiological condition
icd10_489,F29,F29 - Unspecified psychosis not due to a substance or known physiological condition
icd10_490,F30.10,"F30.10 - Manic episode without psychotic symptoms, unspecified"
icd10_491,F30.11,"F30.11 - Manic episode without psychotic symptoms, mild"
icd10_492,F30.12,"F30.12 - Manic episode without psychotic symptoms, moderate"
icd10_493,F30.13,"F30.13 - Manic episode, severe, without psychotic symptoms"
icd10_494,F30.2,"F30.2 - Manic episode, severe with psychotic symptoms"
icd10_495,F30.3,F30.3 - Manic episode in partial remission
icd10_496,F30.4,F30.4 - Manic episode in full remission
icd10_497,F30.8,F30.8 - Other manic episodes
icd10_498,F30.9,"F30.9 - Manic episode, unspecified"
icd10_499,F31.0,"F31.0 - Bipolar disorder, current episode hypomanic"
icd10_500,F31.10,"F31.10 - Bipolar disorder, current episode manic without psychotic features, unspecified"
icd10_501,F31.11,"F31.11 - Bipolar disorder, current episode manic without psychotic features, mild"
icd10_502,F31.12,"F31.12 - Bipolar disorder, current episode manic without psychotic features, moderate"
icd10_503,F31.13,"F31.13 - Bipolar disorder, current episode manic without psychotic features, severe"
icd10_504,F31.2,"F31.2 - Bipolar disorder, current episode manic severe with psychotic features"
icd10_505,F31.30,"F31.30 - Bipolar disorder, current episode depressed, mild or moderate severity, unspecified"
icd10_506,F31.31,"F31.31 - Bipolar disorder, current episode depressed, mild"
icd10_507,F31.32,"F31.32 - Bipolar disorder, current episode depressed, moderate"
icd10_508,F31.4,"F31.4 - Bipolar disorder, current episode depressed, severe, without psychotic features"
icd10_509,F31.5,"F31.5 - Bipolar disorder, current episode depressed, severe, with psychotic features"
icd10_510,F31.60,"F31.60 - Bipolar disorder, current episode mixed, unspecified"
icd10_511,F31.61,"F31.61 - Bipolar disorder, current episode mixed, mild"
icd10_512,F31.62,"F31.62 - Bipolar disorder, current episode mixed, moderate"
icd10_513,F31.63,"F31.63 - Bipolar disorder, current episode mixed, severe, without psychotic features"
icd10_514,F31.64,"F31.64 - Bipolar disorder, current episode mixed, severe, with psychotic features"
icd10_515,F31.70,"F31.70 - Bipolar disorder, currently in remission, most recent episode unspecified"
icd10_516,F31.71,"F31.71 - Bipolar disorder, in partial remission, most recent episode hypomanic"
icd10_517,F31.72,"F31.72 - Bipolar disorder, in full remission, most recent episode hypomanic"
icd10_518,F31.73,"F31.73 - Bipolar disorder, in partial remission, most recent episode manic"
icd10_519,F31.74,"F31.74 - Bipolar disorder, in full remission, most recent episode manic"
icd10_520,F31.75,"F31.75 - Bipolar disorder, in partial remission, most recent episode depressed"
icd10_521,F31.76,"F31.76 - Bipolar disorder, in full remission, most recent episode depressed"
icd10_522,F31.77,"F31.77 - Bipolar disorder, in partial remission, most recent episode mixed"
icd10_523,F31.78,"F31.78 - Bipolar disorder, in full remission, most recent episode mixed"
icd10_524,F31.81,F31.81 - Bipolar II disorder
icd10_525,F31.89,F31.89 - Other bipolar disorder
icd10_526,F31.9,"F31.9 - Bipolar disorder, unspecified"
icd10_527,F32.0,"F32.0 - Major depressive disorder, single episode, mild"
icd10_528,F32.1,"F32.1 - Major depressive disorder, single episode, moderate"
icd10_529,F32.2,"F32.2 - Major depressive disorder, single episode, severe without psychotic features"
icd10_530,F32.3,"F32.3 - Major depressive disorder, single episode, severe with psychotic features"
icd10_531,F32.4,"F32.4 - Major depressive disorder, single episode, in partial remission"
icd10_532,F32.5,"F32.5 - Major depressive disorder, single episode, in full remission"
icd10_533,F32.81,F32.81 - Premenstrual dysphoric disorder
icd10_534,F32.89,F32.89 - Other specified depressive episodes
icd10_535,F32.9,"F32.9 - Major depressive disorder, single episode, unspecified"
icd10_536,F32.A,"F32.A - Depression, unspecified"
icd10_537,F33.0,"F33.0 - Major depressive disorder, recurrent, mild"
icd10_538,F33.1,"F33.1 - Major depressive disorder, recurrent, moderate"
icd10_539,F33.2,"F33.2 - Major depressive disorder, recurrent severe without psychotic features"
icd10_540,F33.3,"F33.3 - Major depressive disorder, recurrent, severe with psychotic symptoms"
icd10_541,F33.40,"F33.40 - Major depressive disorder, recurrent, in remission, unspecified"
icd10_542,F33.41,"F33.41 - Major depressive disorder, recurrent, in partial remission"
icd10_543,F33.42,"F33.42 - Major depressive disorder, recurrent, in full remission"
icd10_544,F33.8,F33.8 - Other recurrent depressive disorders
icd10_545,F33.9,"F33.9 - Major depressive disorder, recurrent, unspecified"
icd10_546,F34.0,F34.0 - Cyclothymic disorder
icd10_547,F34.1,F34.1 - Dysthymic disorder
icd10_548,F34.81,F34.81 - Disruptive mood dysregulation disorder
icd10_549,F34.89,F34.89 - Other specified persistent mood disorders
icd10_550,F34.9,"F34.9 - Persistent mood [affective] disorder, unspecified"
icd10_551,F39,F39 - Unspecified mood [affective] disorder
icd10_552,F40.00,"F40.00 - Agoraphobia, unspecified"
icd10_553,F40.01,F40.01 - Agoraphobia with panic disorder
icd10_554,F40.02,F40.02 - Agoraphobia without panic disorder
icd10_555,F40.10,"F40.10 - Social phobia, unspecified"
icd10_556,F40.11,"F40.11 - Social phobia, generalized"
icd10_557,F40.210,F40.210 - Arachnophobia
icd10_558,F40.218,F40.218 - Other animal type phobia
icd10_559,F40.220,F40.220 - Fear of thunderstorms
icd10_560,F40.228,F40.228 - Other natural environment type phobia
icd10_561,F40.230,F40.230 - Fear of blood
icd10_562,F40.231,F40.231 - Fear of injections and transfusions
icd10_563,F40.232,F40.232 - Fear of other medical care
icd10_564,F40.233,F40.233 - Fear of injury
icd10_565,F40.240,F40.240 - Claustrophobia
icd10_566,F40.241,F40.241 - Acrophobia
icd10_567,F40.242,F40.242 - Fear of bridges
icd10_568,F40.243,F40.243 - Fear of flying
icd10_569,F40.248,F40.248 - Other situational type phobia
icd10_570,F40.290,F40.290 - Androphobia
icd10_571,F40.291,F40.291 - Gynephobia
icd10_572,F40.298,F40.298 - Other specified phobia
icd10_573,F40.8,F40.8 - Other phobic anxiety disorders
icd10_574,F40.9,"F40.9 - Phobic anxiety disorder, unspecified"
icd10_575,F41.0,F41.0 - Panic disorder [episodic paroxysmal anxiety]
icd10_576,F41.1,F41.1 - Generalized anxiety disorder
icd10_577,F41.3,F41.3 - Other mixed anxiety disorders
icd10_578,F41.8,F41.8 - Other specified anxiety disorders
icd10_579,F41.9,"F41.9 - Anxiety disorder, unspecified"
icd10_580,F42.2,F42.2 - Mixed obsessional thoughts and acts
icd10_581,F42.3,F42.3 - Hoarding disorder
icd10_582,F42.4,F42.4 - Excoriation (skin-picking) disorder
icd10_583,F42.8,F42.8 - Other obsessive-compulsive disorder
icd10_584,F42.9,"F42.9 - Obsessive-compulsive disorder, unspecified"
icd10_585,F43.0,F43.0 - Acute stress reaction
icd10_586,F43.10,"F43.10 - Post-traumatic stress disorder, unspecified"
icd10_587,F43.11,"F43.11 - Post-traumatic stress disorder, acute"
icd10_588,F43.12,"F43.12 - Post-traumatic stress disorder, chronic"
icd10_589,F43.20,"F43.20 - Adjustment disorder, unspecified"
icd10_590,F43.21,F43.21 - Adjustment disorder with depressed mood
icd10_591,F43.22,F43.22 - Adjustment disorder with anxiety
icd10_592,F43.23,F43.23 - Adjustment disorder with mixed anxiety and depressed mood
icd10_593,F43.24,F43.24 - Adjustment disorder with disturbance of conduct
icd10_594,F43.25,F43.25 - Adjustment disorder with mixed disturbance of emotions and conduct
icd10_595,F43.29,F43.29 - Adjustment disorder with other symptoms
icd10_596,F43.8,F43.8 - Other reactions to severe stress
icd10_597,F43.9,"F43.9 - Reaction to severe stress, unspecified"
icd10_598,F44.0,F44.0 - Dissociative amnesia
icd10_599,F44.1,F44.1 - Dissociative fugue
icd10_600,F44.2,F44.2 - Dissociative stupor
icd10_601,F44.4,F44.4 - Conversion disorder with motor symptom or deficit
icd10_602,F44.5,F44.5 - Conversion disorder with seizures or convulsions
icd10_603,F44.6,F44.6 - Conversion disorder with sensory symptom or deficit
icd10_604,F44.7,F44.7 - Conversion disorder with mixed symptom presentation
icd10_605,F44.81,F44.81 - Dissociative identity disorder
icd10_606,F44.89,F44.89 - Other dissociative and conversion disorders
icd10_607,F44.9,"F44.9 - Dissociative and conversion disorder, unspecified"
icd10_608,F45.0,F45.0 - Somatization disorder
icd10_609,F45.1,F45.1 - Undifferentiated somatoform disorder
icd10_610,F45.20,"F45.20 - Hypochondriacal disorder, unspecified"
icd10_611,F45.21,F45.21 - Hypochondriasis
icd10_612,F45.22,F45.22 - Body dysmorphic disorder
icd10_613,F45.29,F45.29 - Other hypochondriacal disorders
icd10_614,F45.41,F45.41 - Pain disorder exclusively related to psychological factors
icd10_615,F45.42,F45.42 - Pain disorder with related psychological factors
icd10_616,F45.8,F45.8 - Other somatoform disorders
icd10_617,F45.9,"F45.9 - Somatoform disorder, unspecified"
icd10_618,F48.1,F48.1 - Depersonalization-derealization syndrome
icd10_619,F48.2,F48.2 - Pseudobulbar affect
icd10_620,F48.8,F48.8 - Other specified nonpsychotic mental disorders
icd10_621,F48.9,"F48.9 - Nonpsychotic mental disorder, unspecified"
icd10_622,F50.00,"F50.00 - Anorexia nervosa, unspecified"
icd10_623,F50.01,"F50.01 - Anorexia nervosa, restricting type"
icd10_624,F50.02,"F50.02 - Anorexia nervosa, binge eating/purging type"
icd10_625,F50.2,F50.2 - Bulimia nervosa
icd10_626,F50.81,F50.81 - Binge eating disorder
icd10_627,F50.82,F50.82 - Avoidant/restrictive food intake disorder
icd10_628,F50.89,F50.89 - Other specified eating disorder
icd10_629,F50.9,"F50.9 - Eating disorder, unspecified"
icd10_630,F51.01,F51.01 - Primary insomnia
icd10_631,F51.02,F51.02 - Adjustment insomnia
icd10_632,F51.03,F51.03 - Paradoxical insomnia
icd10_633,F51.04,F51.04 - Psychophysiologic insomnia
icd10_634,F51.05,F51.05 - Insomnia due to other mental disorder
icd10_635,F51.09,F51.09 - Other insomnia not due to a substance or known physiological condition
icd10_636,F51.11,F51.11 - Primary hypersomnia
icd10_637,F51.12,F51.12 - Insufficient sleep syndrome
icd10_638,F51.13,F51.13 - Hypersomnia due to other mental disorder
icd10_639,F51.19,F51.19 - Other hypersomnia not due to a substance or known physiological condition
icd10_640,F51.3,F51.3 - Sleepwalking [somnambulism]
icd10_641,F51.4,F51.4 - Sleep terrors [night terrors]
icd10_642,F51.5,F51.5 - Nightmare disorder
icd10_643,F51.8,F51.8 - Other sleep disorders not due to a substance or known physiological condition
icd10_644,F51.9,"F51.9 - Sleep disorder not due to a substance or known physiological condition, unspecified"
icd10_645,F52.0,F52.0 - Hypoactive sexual desire disorder
icd10_646,F52.1,F52.1 - Sexual aversion disorder
icd10_647,F52.21,F52.21 - Male erectile disorder
icd10_648,F52.22,F52.22 - Female sexual arousal disorder
icd10_649,F52.31,F52.31 - Female orgasmic disorder
icd10_650,F52.32,F52.32 - Male orgasmic disorder
icd10_651,F52.4,F52.4 - Premature ejaculation
icd10_652,F52.5,F52.5 - Vaginismus not due to a substance or known physiological condition
icd10_653,F52.6,F52.6 - Dyspareunia not due to a substance or known physiological condition
icd10_654,F52.8,F52.8 - Other sexual dysfunction not due to a substance or known physiological condition
icd10_655,F52.9,F52.9 - Unspecified sexual dysfunction not due to a substance or known physiological condition
icd10_656,F53.0,F53.0 - Postpartum depression
icd10_657,F53.1,F53.1 - Puerperal psychosis
icd10_658,F54,F54 - Psychological and behavioral factors associated with disorders or diseases classified elsewhere
icd10_659,F55.0,F55.0 - Abuse of antacids
icd10_660,F55.1,F55.1 - Abuse of herbal or folk remedies
icd10_661,F55.2,F55.2 - Abuse of laxatives
icd10_662,F55.3,F55.3 - Abuse of steroids or hormones
icd10_663,F55.4,F55.4 - Abuse of vitamins
icd10_664,F55.8,F55.8 - Abuse of other non-psychoactive substances
icd10_665,F59,F59 - Unspecified behavioral syndromes associated with physiological disturbances and physical factors
icd10_666,F60.0,F60.0 - Paranoid personality disorder
icd10_667,F60.1,F60.1 - Schizoid personality disorder
icd10_668,F60.2,F60.2 - Antisocial personality disorder
icd10_669,F60.3,F60.3 - Borderline personality disorder
icd10_670,F60.4,F60.4 - Histrionic personality disorder
icd10_671,F60.5,F60.5 - Obsessive-compulsive personality disorder
icd10_672,F60.6,F60.6 - Avoidant personality disorder
icd10_673,F60.7,F60.7 - Dependent personality disorder
icd10_674,F60.81,F60.81 - Narcissistic personality disorder
icd10_675,F60.89,F60.89 - Other specific personality disorders
icd10_676,F60.9,"F60.9 - Personality disorder, unspecified"
icd10_677,F63.0,F63.0 - Pathological gambling
icd10_678,F63.1,F63.1 - Pyromania
icd10_679,F63.2,F63.2 - Kleptomania
icd10_680,F63.3,F63.3 - Trichotillomania
icd10_681,F63.81,F63.81 - Intermittent explosive disorder
icd10_682,F63.89,F63.89 - Other impulse disorders
icd10_683,F63.9,"F63.9 - Impulse disorder, unspecified"
icd10_684,F64.0,F64.0 - Transsexualism
icd10_685,F64.1,F64.1 - Dual role transvestism
icd10_686,F64.2,F64.2 - Gender identity disorder of childhood
icd10_687,F64.8,F64.8 - Other gender identity disorders
icd10_688,F64.9,"F64.9 - Gender identity disorder, unspecified"
icd10_689,F65.0,F65.0 - Fetishism
icd10_690,F65.1,F65.1 - Transvestic fetishism
icd10_691,F65.2,F65.2 - Exhibitionism
icd10_692,F65.3,F65.3 - Voyeurism
icd10_693,F65.4,F65.4 - Pedophilia
icd10_694,F65.50,"F65.50 - Sadomasochism, unspecified"
icd10_695,F65.51,F65.51 - Sexual masochism
icd10_696,F65.52,F65.52 - Sexual sadism
icd10_697,F65.81,F65.81 - Frotteurism
icd10_698,F65.89,F65.89 - Other paraphilias
icd10_699,F65.9,"F65.9 - Paraphilia, unspecified"
icd10_700,F66,F66 - Other sexual disorders
icd10_701,F68.10,"F68.10 - Factitious disorder imposed on self, unspecified"
icd10_702,F68.11,"F68.11 - Factitious disorder imposed on self, with predominantly psychological signs and symptoms"
icd10_703,F68.12,"F68.12 - Factitious disorder imposed on self, with predominantly physical signs and symptoms"
icd10_704,F68.13,"F68.13 - Factitious disorder imposed on self, with combined psychological and physical signs and symptoms"
icd10_705,F68.8,F68.8 - Other specified disorders of adult personality and behavior
icd10_706,F68.A,F68.A - Factitious disorder imposed on another
icd10_707,F69,F69 - Unspecified disorder of adult personality and behavior
icd10_708,F70,F70 - Mild intellectual disabilities
icd10_709,F71,F71 - Moderate intellectual disabilities
icd10_710,F72,F72 - Severe intellectual disabilities
icd10_711,F73,F73 - Profound intellectual disabilities
icd10_712,F78,F78 - Other intellectual disabilities
icd10_713,F78.A1,F78.A1 - SYNGAP1-related intellectual disability
icd10_714,F78.A9,F78.A9 - Other genetic related intellectual disability
icd10_715,F79,F79 - Unspecified intellectual disabilities
icd10_716,F80.0,F80.0 - Phonological disorder
icd10_717,F80.1,F80.1 - Expressive language disorder
icd10_718,F80.2,F80.2 - Mixed receptive-expressive language disorder
icd10_719,F80.4,F80.4 - Speech and language development delay due to hearing loss
icd10_720,F80.81,F80.81 - Childhood onset fluency disorder
icd10_721,F80.82,F80.82 - Social pragmatic communication disorder
icd10_722,F80.89,F80.89 - Other developmental disorders of speech and language
icd10_723,F80.9,"F80.9 - Developmental disorder of speech and language, unspecified"
icd10_724,F81.0,F81.0 - Specific reading disorder
icd10_725,F81.2,F81.2 - Mathematics disorder
icd10_726,F81.81,F81.81 - Disorder of written expression
icd10_727,F81.89,F81.89 - Other developmental disorders of scholastic skills
icd10_728,F81.9,"F81.9 - Developmental disorder of scholastic skills, unspecified"
icd10_729,F82,F82 - Specific developmental disorder of motor function
icd10_730,F84.0,F84.0 - Autistic disorder
icd10_731,F84.2,"F84.2 - Rett's syndrome"
icd10_732,F84.3,F84.3 - Other childhood disintegrative disorder
icd10_733,F84.5,"F84.5 - Asperger's syndrome"
icd10_734,F84.8,F84.8 - Other pervasive developmental disorders
icd10_735,F84.9,"F84.9 - Pervasive developmental disorder, unspecified"
icd10_736,F88,F88 - Other disorders of psychological development
icd10_737,F89,F89 - Unspecified disorder of psychological development
icd10_738,F90.0,"F90.0 - Attention-deficit hyperactivity disorder, predominantly inattentive type"
icd10_739,F90.1,"F90.1 - Attention-deficit hyperactivity disorder, predominantly hyperactive type"
icd10_740,F90.2,"F90.2 - Attention-deficit hyperactivity disorder, combined type"
icd10_741,F90.8,"F90.8 - Attention-deficit hyperactivity disorder, other type"
icd10_742,F90.9,"F90.9 - Attention-deficit hyperactivity disorder, unspecified type"
icd10_743,F91.0,F91.0 - Conduct disorder confined to family context
icd10_744,F91.1,"F91.1 - Conduct disorder, childhood-onset type"
icd10_745,F91.2,"F91.2 - Conduct disorder, adolescent-onset type"
icd10_746,F91.3,F91.3 - Oppositional defiant disorder
icd10_747,F91.8,F91.8 - Other conduct disorders
icd10_748,F91.9,"F91.9 - Conduct disorder, unspecified"
icd10_749,F93.0,F93.0 - Separation anxiety disorder of childhood
icd10_750,F93.8,F93.8 - Other childhood emotional disorders
icd10_751,F93.9,"F93.9 - Childhood emotional disorder, unspecified"
icd10_752,F94.0,F94.0 - Selective mutism
icd10_753,F94.1,F94.1 - Reactive attachment disorder of childhood
icd10_754,F94.2,F94.2 - Disinhibited attachment disorder of childhood
icd10_755,F94.8,F94.8 - Other childhood disorders of social functioning
icd10_756,F94.9,"F94.9 - Childhood disorder of social functioning, unspecified"
icd10_757,F95.0,F95.0 - Transient tic disorder
icd10_758,F95.1,F95.1 - Chronic motor or vocal tic disorder
icd10_759,F95.2,"F95.2 - Tourette's disorder"
icd10_760,F95.8,F95.8 - Other tic disorders
icd10_761,F95.9,"F95.9 - Tic disorder, unspecified"
icd10_762,F98.0,F98.0 - Enuresis not due to a substance or known physiological condition
icd10_763,F98.1,F98.1 - Encopresis not due to a substance or known physiological condition
icd10_764,F98.21,F98.21 - Rumination disorder of infancy
icd10_765,F98.29,F98.29 - Other feeding disorders of infancy and early childhood
icd10_766,F98.3,F98.3 - Pica of infancy and childhood
icd10_767,F98.4,F98.4 - Stereotyped movement disorders
icd10_768,F98.5,F98.5 - Adult onset fluency disorder
icd10_769,F98.8,F98.8 - Other specified behavioral and emotional disorders with onset usually occurring in childhood and adolescence
icd10_770,F98.9,F98.9 - Unspecified behavioral and emotional disorders with onset usually occurring in childhood and adolescence
